rank,accountid,rating
1,Merimides,8.87
2,FIvanovic,8.31
3,Wolder,7.66
4,sfonca,7.52
5,Silco,7.46
6,Hailrake,7.43
7,Sonix,7.36
8,Simkie,7.34
9,Hailrake,7.31
10,Nítram,7.28
11,DaAwsom1,7.2
12,МощныеШтаны,7.19
13,Sorak,7.17
14,CherryGarden,7.17
15,zhj5361193,7.03
16,abide,7
17,DoseofCoffee,6.99
18,LeiO,6.98
19,Eclairvert,6.98
20,Inveracious,6.96
21,Pusface,6.93
22,andrescrack,6.93
23,冷兔宝宝丨大笨熊,6.88
24,StarryNight,6.88
25,CIAOritian,6.87rank,accountid,rating
26,Temuchin,6.81
27,Killer,6.77
28,Pyroball,6.77
29,RobbStark,6.71
30,CNChicken,6.7
31,Korrekt,6.7
32,sharknado,6.69
33,Quirrel,6.68
34,TaylorSwift,6.66
35,Pursuer,6.65
36,Jiraiya,6.64
37,buffaloo,6.64
38,HalF,6.62
39,SuperLegend,6.62
40,RabbitColor,6.61
41,Grandmeister,6.61
42,NightShade,6.61
43,Incurro,6.58
44,GrUnT,6.58
45,billisgaici,6.57
46,EasternPower,6.56
47,uRopeMeRope2,6.56
48,troni,6.54
49,TepanAndera,6.53
50,Durrrrrrr,6.51rank,accountid,rating
76,bjns16,6.32
77,隱祕魷魚,6.31
78,古怪獸人,6.29
79,Shagz,6.28
80,scarfy,6.26
81,NewSoul,6.25
82,Traviel,6.25
83,FSKbiggle,6.24
84,Denn,6.24
85,obelisk,6.23
86,Prray,6.23
87,Halo,6.22
88,EricCartman,6.22
89,Gunfighter,6.21
90,TheToyMaster,6.21
91,DJWCB,6.2
92,WjxsKwAa,6.2
93,bz002,6.2
94,HideOnSicily,6.2
95,WhiteNoise,6.18
96,Tommy,6.18
97,Ltivan,6.16
98,NeneTheZola,6.15
99,Uzi,6.15
100,小阯,6.13rank,accountid,rating
101,levik,6.13
102,mifundi,6.13
103,AppleZoom,6.13
104,bill,6.12
105,Inferno,6.12
106,kegui,6.1
107,RaVer,6.1
108,dan,6.1
109,alxytt,6.09
110,言叶之庭,6.07
111,EgretFrost,6.07
112,woshishab,6.07
113,Grindanimal,6.07
114,Yuhhhhh,6.06
115,Psychogamer,6.06
116,炉石第一大帅逼,6.06
117,Alway4Tunate,6.05
118,Malyx,6.05
119,阿唯哥,6.03
120,fly,6.02
121,Dachuan,6.02
122,重生之我是军爷潮,6.02
123,Shroominator,6.02
124,さなだ,6
125,Underdog,6rank,accountid,rating
126,Axebyte,6
127,Djeko,5.98
128,nikkrut4,5.98
129,IFGtrispear,5.97
130,JoinTrip,5.97
131,Iaeriach,5.97
132,CJBeck,5.96
133,podhoofd,5.96
134,Danil5225,5.95
135,barry,5.95
136,Asocanonyme,5.95
137,KrJvzZNK,5.95
138,砰砰博士,5.95
139,Wildxxks,5.94
140,CQDD,5.93
141,Hooters,5.93
142,Dvl321,5.93
143,Nike10,5.93
144,Loki,5.91
145,Febiven,5.9
146,Teasure,5.9
147,TaAccTikk,5.89
148,Arrival,5.88
149,kxLtKwAa,5.88
150,LVGEfan,5.87rank,accountid,rating
151,少点神秘,5.87
152,Dizzy,5.87
153,MHTHB,5.87
154,thcDream,5.87
155,伊蕾娜,5.87
156,AgentJ,5.86
157,qce,5.85
158,ThısIsMyRise,5.85
159,DukiTheBest,5.85
160,jialifu,5.83
161,Xeno101,5.82
162,Einstein,5.81
163,Вайпер,5.81
164,pabu,5.8
165,eviory,5.8
166,Hongoros,5.8
167,TraeYoung,5.79
168,DrSubZero,5.79
169,Beavertron,5.79
170,GameofThrow,5.79
171,OnyxSeal,5.78
172,MeowVanish,5.78
173,BlueMoose,5.78
174,Avaldon,5.78
175,WLan,5.78rank,accountid,rating
176,Spongecake,5.78
177,KimWexler,5.77
178,幸运的雪茄盒,5.77
179,Breath,5.77
180,Merkman,5.77
181,Gkm,5.76
182,MuffinStorm,5.76
183,GrimHollow,5.76
184,raymond,5.75
185,Deepaaah,5.75
186,Noz,5.74
187,Seleri,5.74
188,Alone,5.73
189,Eddy,5.73
190,Tandras,5.72
191,JohnTitorGT,5.72
192,Ex0d0,5.72
193,Ryan,5.72
194,stavrospap,5.71
195,Vadimiy,5.71
196,Isbul,5.71
197,Mesardion,5.71
198,WDL,5.7
199,MOMO,5.7
200,ShiningLexus,5.7rank,accountid,rating
201,HUNTER,5.7
202,Ludo,5.7
203,雞婆的綠色獾,5.7
204,MaxwellHunte,5.69
205,goust,5.69
206,夕云,5.69
207,AntonK,5.69
208,Karaso,5.68
209,SDub3RangZ,5.68
210,SS3,5.68
211,CrazyMage,5.67
212,mupp,5.67
213,aljoschar,5.67
214,Constantine,5.67
215,Soloking,5.66
216,МедлякКотик,5.66
217,KID,5.66
218,日区水果萌新,5.66
219,Ropz,5.65
220,Perceval,5.65
221,Adisan,5.65
222,Looper,5.65
223,lfwv,5.65
224,熱切的單寧色貓咪,5.64
225,hbxsxofvic,5.64rank,accountid,rating
276,Mrdahong,5.52
277,MVPQIN,5.51
278,FTSOORYL,5.51
279,Thisisprobiz,5.51
280,SilentStorm,5.51
281,FreeHugz,5.51
282,Anvil,5.5
283,fish69,5.5
284,Dozzy,5.5
285,Jim,5.5
286,RubySeal,5.5
287,GrumpyMonk,5.5
288,lion,5.49
289,影子,5.49
290,LPH,5.49
291,Rootkit,5.49
292,HANK5233,5.48
293,Rayska,5.48
294,周达睿250,5.48
295,Warchief,5.47
296,Pain,5.46
297,Uzu,5.46
298,Hii,5.45
299,Fighttigers,5.45
300,serega,5.45rank,accountid,rating
301,JakobVang,5.45
302,bygone,5.45
303,Feno,5.45
304,Bloodfire,5.45
305,Docent,5.45
306,Olafff,5.45
307,Hotel,5.44
308,秋天的风,5.44
309,Apache,5.44
310,care,5.44
311,idcletmeplay,5.44
312,MiXerr,5.44
313,Redline,5.44
314,WaddleDee,5.44
315,KissTheCook,5.44
316,HW4,5.43
317,Mayii,5.43
318,Danger,5.43
319,SIX,5.43
320,Akatosh,5.43
321,DeCay,5.43
322,BESTBROKER,5.43
323,BooDa,5.43
324,Wraziel,5.43
325,MADAFUTA,5.42rank,accountid,rating
326,Aurelius,5.41
327,ss1987,5.41
328,seasonal,5.41
329,roymz,5.41
330,andrei,5.41
331,Император,5.41
332,SuperNova,5.41
333,dielange123,5.41
334,WizardofOss,5.41
335,DiYouTa,5.4
336,miweniqdnyn,5.4
337,HAKE,5.4
338,Oliver0579,5.4
339,JustOzz,5.4
340,MegaBug,5.4
341,fcuoj,5.39
342,xnfpt,5.39
343,zf73357,5.39
344,GoldenK,5.39
345,fedoramaster,5.39
346,ThreFreTres,5.39
347,Dynamo,5.39
348,Kurlanify,5.39
349,FearForce,5.39
350,Frosty,5.39rank,accountid,rating
376,Leo,5.34
377,Bakeryinsh,5.34
378,Phi,5.34
379,amitie88,5.34
380,grossmaster,5.34
381,olesoko,5.34
382,十面埋伏,5.33
383,唐小夏母猪,5.33
384,Dawei,5.33
385,HuyaZiluo,5.33
386,MichelleStoc,5.33
387,babyratman,5.33
388,nxyrrd,5.33
389,EDGUzi,5.33
390,AZhe,5.32
391,Strangemove,5.32
392,MacSlayer,5.32
393,SeraPH,5.32
394,TyNi,5.32
395,Envoy,5.32
396,xuanyuan,5.31
397,看我来通杀三服,5.31
398,pavo,5.31
399,Lewis,5.31
400,JohnTitor,5.3rank,accountid,rating
426,SerhatT,5.26
427,SirFinley,5.26
428,Bimsr,5.26
429,CrazyBee,5.26
430,Ornis,5.26
431,Bascule,5.26
432,Kworb,5.26
433,Jacke,5.26
434,Elainahusban,5.25
435,肆拾叁年望中猶記,5.25
436,JonBeckman,5.25
437,Sayonara,5.25
438,stefsheyd,5.25
439,NavyOgre,5.25
440,djwcb,5.24
441,TSEAyase,5.24
442,baptiste69,5.24
443,Ghenghar,5.24
444,AlmostCool,5.24
445,GreyWight,5.24
446,ropz,5.23
447,LFLxibi,5.23
448,yep,5.23
449,Umar,5.23
450,Pendalum,5.23rank,accountid,rating
451,Godlike,5.23
452,Fallen,5.23
453,loulan,5.23
454,Archeryyt,5.23
455,jeronimo42,5.23
456,Chyva4ok,5.22
457,DerKaiser,5.22
458,Maestro,5.22
459,jewish,5.22
460,江小白,5.21
461,ДитяШтормов,5.21
462,Erichss,5.21
463,winstonerule,5.21
464,Liquidator,5.21
465,xnasu,5.21
466,ARENA,5.2
467,FINESSE,5.2
468,CCSCC,5.2
469,葡萄哥,5.2
470,DeadlyMouse,5.2
471,Неудачник,5.2
472,PauloPaulson,5.2
473,Francis,5.2
474,Jixx,5.2
475,蛮力之裤,5.19rank,accountid,rating
476,Cendres,5.19
477,轰炸外服,5.19
478,jay,5.19
479,ltzhujgkblh,5.19
480,Maciajko,5.19
481,Priest,5.19
482,Brrrrainiac,5.19
483,Shizofishin,5.19
484,Rhasta,5.19
485,Cenkay,5.19
486,Drago1,5.19
487,Cratos,5.19
488,CanCanNeed,5.18
489,btSalamandra,5.18
490,Vimeys,5.18
491,Juar,5.18
492,solitary,5.18
493,Lans,5.18
494,Lostomvegas,5.18
495,fghj,5.17
496,Stephen,5.17
497,vnecqq,5.17
498,ElPimpador,5.17
499,大賢者,5.17
500,IIJIaH4uK,5.17rank,accountid,rating
501,DarthVader,5.17
502,Romanius,5.17
503,秀策君,5.17
504,巨大的摩卡色麋鹿,5.17
505,ANbJaMQq,5.17
506,MrDwyane,5.16
507,思念,5.16
508,梅凉星,5.16
509,tzdadbzrtpnw,5.16
510,АлексКу,5.16
511,Samper,5.16
512,friendly,5.16
513,KAPTOIIIKA,5.16
514,Klath,5.16
515,Txmvs,5.16
516,Ordophobus,5.16
517,WildWolf,5.16
518,Khornedbeef,5.16
519,wyl0618,5.15
520,自信的酒色鶴,5.15
521,LavaMoose,5.15
522,梦想在天边,5.15
523,McMerinor,5.15
524,AlexDix,5.15
525,OliverWright,5.15rank,accountid,rating
526,Scanges,5.15
527,Alzander,5.15
528,STAIGZOR,5.15
529,Ablatiph,5.15
530,Ronzok,5.14
531,BLZSB,5.14
532,junwu,5.14
533,Ouro,5.14
534,Bloodbath,5.14
535,WściekłyWąż,5.14
536,Kuriositehti,5.14
537,聒噪的綠色駝鹿,5.13
538,AVe,5.13
539,mucha,5.13
540,Zzz,5.13
541,Mati9404,5.13
542,jmek975,5.13
543,JRrealGallo,5.13
544,AdryKing,5.13
545,逗战圣佛,5.13
546,sabotage,5.12
547,master,5.12
548,XTianSinga,5.12
549,Tray,5.12
550,Conqueror,5.12rank,accountid,rating
551,SleepyBear,5.12
552,GiantAxe,5.12
553,Arkadia,5.12
554,siraya,5.12
555,martinz0r,5.12
556,vayxg,5.11
557,aahph,5.11
558,Liu,5.11
559,Ppict,5.11
560,cRKnife,5.11
561,Sahne,5.11
562,Sayagin,5.11
563,paisubrasada,5.11
564,dogselle,5.1
565,空调安装工小洪,5.1
566,Watipah,5.1
567,Krychu,5.1
568,Matomoun1,5.1
569,Melman,5.1
570,BlasterXT,5.1
571,Blitz,5.1
572,Petrovi4,5.09
573,Bennykid,5.09
574,Zombie,5.09
575,CHINANB,5.09rank,accountid,rating
576,Brucetong,5.09
577,youchang,5.09
578,Onmakabaka,5.09
579,nzy,5.09
580,mark86,5.09
581,bdarecords,5.09
582,Spike,5.09
583,Tree,5.08
584,Always,5.08
585,vhaltoohz,5.08
586,vivi,5.08
587,LinceVerde,5.08
588,Sasveng,5.08
589,KavirMangra,5.08
590,bobson,5.08
591,CooVj,5.08
592,Shaturyanin,5.08
593,OverPower,5.08
594,DrBre,5.07
595,PINGFAN,5.07
596,ori,5.07
597,AlimZ,5.07
598,Taseott,5.07
599,ayylmao,5.07
600,NightKnight,5.07rank,accountid,rating
601,Coden,5.06
602,dsdasfff,5.06
603,NOT,5.06
604,MarySays,5.06
605,djwnb,5.06
606,ccxkqlwt,5.06
607,M1D1L,5.06
608,Scrape,5.06
609,Dorchen,5.06
610,greis,5.06
611,Bendis,5.06
612,Serginho,5.06
613,Vendex,5.06
614,AlexTTzer0,5.06
615,AnSwer,5.06
616,China,5.06
617,alexcai,5.06
618,萌萌噠的鏟車,5.05
619,Lelouch,5.05
620,ChangHuiTa,5.05
621,Alan,5.05
622,djwcb,5.05
623,魯夫就是我,5.05
624,mclaud,5.05
625,Gintautas,5.05rank,accountid,rating
626,lalecidede,5.05
627,Subzer0,5.05
628,Geroth,5.05
629,MindfulMoves,5.04
630,balmora18,5.04
631,avkykh,5.04
632,Echo,5.04
633,Quatsch,5.04
634,Matvik,5.04
635,Ваче,5.04
636,princ,5.04
637,Turt,5.04
638,Xdonce,5.03
639,lzqlzqbyzy,5.03
640,hsgga,5.03
641,Gierigga,5.03
642,ygrick,5.03
643,Rudiariy,5.03
644,Jasonchan,5.03
645,Zander811,5.03
646,nivoredi,5.03
647,OliverQueen,5.03
648,Marth0w,5.03
649,liorin,5.03
650,老攻,5.03rank,accountid,rating
651,wtybill,5.03
652,天青色等烟雨,5.02
653,天亮讲晚安,5.02
654,baosheng2,5.02
655,昊语丶,5.02
656,blekanese,5.02
657,Grobhammer,5.02
658,Lusse,5.02
659,GOKU,5.02
660,JFKAvenger,5.02
661,Schimpafflon,5.02
662,HoldemruNET,5.02
663,Dirk,5.01
664,Tiborga,5.01
665,Degen,5.01
666,只喝可乐的黑猫,5
667,WDGlele,5
668,pontagame,5
669,Zhulk,5
670,bhoykv,5
671,Estelle,5
672,Mew,5
673,XottabbI4,5
674,StripTeaser,5
675,thimish,5rank,accountid,rating
676,Pollofry,5
677,KL1M41,5
678,ArthurSaber,5
679,Kenshobu,5
680,Blueridger,5
681,HADES,5
682,Blissful,5
683,Jaeck,5
684,当时只道是寻常,4.99
685,Zaladarus,4.99
686,Ƒreix,4.99
687,higi,4.99
688,mammature,4.99
689,Xenonter,4.99
690,AfeAmrit,4.99
691,fashfash123,4.99
692,sdjyce,4.99
693,Nipplestorm,4.98
694,Wtynojill,4.98
695,maoapoot,4.98
696,Karl,4.98
697,Sparkling,4.98
698,RóżanyOgr,4.98
699,Starman,4.98
700,MAO,4.98rank,accountid,rating
701,Preys,4.98
702,adelkzn,4.98
703,Vitaox,4.98
704,tjbapnmm,4.98
705,JohnWilson,4.98
706,Lind,4.97
707,lightning,4.97
708,sahil,4.97
709,DeVertu,4.97
710,mapodoufu,4.97
711,ICBM,4.97
712,Тактотак,4.97
713,Prodigy,4.97
714,FRennY,4.97
715,yup1359,4.97
716,Perseverance,4.96
717,КошачьяМята,4.96
718,oroff,4.96
719,Cang,4.96
720,Nekit,4.96
721,Saffi,4.96
722,礼堂丁真丶,4.95
723,jackwent,4.95
724,ZRitterz,4.95
725,Cocobolo,4.95rank,accountid,rating
726,UpgradedMoon,4.95
727,GGbenenfalls,4.95
728,Shion,4.95
729,DaveB,4.95
730,dill,4.95
731,raftn,4.95
732,Hazfrost,4.94
733,rDSzRCHg,4.94
734,波粒猫,4.94
735,dwinsad,4.94
736,dramaFace,4.94
737,LimeEast,4.94
738,pufflex,4.94
739,Chronos,4.94
740,cornel,4.94
741,Simplez,4.94
742,DonerKebab,4.94
743,UgaBuga,4.94
744,Zerakira,4.94
745,DrWhat,4.94
746,hz49,4.93
747,AgnesBrent,4.93
748,fibonacci,4.93
749,Wisdy,4.93
750,code176,4.93rank,accountid,rating
751,Selfreligion,4.93
752,ТенеШторм,4.93
753,Reactor,4.93
754,Nerzuri,4.93
755,BeatrixDonal,4.92
756,ТвойДед,4.92
757,Reyevan,4.92
758,MrAxelbant,4.92
759,morsranger,4.92
760,Sion,4.92
761,Lonovitch,4.92
762,Yuri,4.92
763,HyperGoner,4.91
764,旧梦,4.91
765,Godlike,4.91
766,semistro,4.91
767,atisimon,4.91
768,W1nchester,4.91
769,GuRU,4.91
770,neinhaupt,4.91
771,Данила,4.91
772,General,4.91
773,Mistcaller,4.91
774,三口一头猪,4.9
775,WardProwse,4.9rank,accountid,rating
776,Ozzy,4.9
777,Revardoss,4.9
778,AmpeRus,4.9
779,Blackfyre,4.9
780,Glesies,4.9
781,mullac,4.9
782,Meyra,4.9
783,DhrDennis,4.9
784,zEVz,4.9
785,黑猫,4.9
786,Merengue,4.9
787,Bodhidharma,4.89
788,Afa,4.89
789,Iksar,4.89
790,Silvold,4.89
791,allesisborat,4.89
792,MollyWater22,4.89
793,vadimlit,4.89
794,ChonkyWonki,4.89
795,Nahkapapu,4.89
796,I00in,4.89
797,Frost,4.89
798,madao,4.89
799,Kliz,4.89
800,GeoWizard,4.89rank,accountid,rating
801,Styx,4.89
802,ZDGPL,4.88
803,BlackPuppy,4.88
804,solono,4.88
805,faeglas,4.88
806,csonkalacika,4.88
807,tau,4.88
808,Скорпион,4.88
809,Vadikus,4.88
810,Fasked,4.88
811,Stryhns,4.88
812,Deypa,4.88
813,润仙,4.88
814,lkaco,4.88
815,Dyeke,4.88
816,GoldName,4.87
817,qt02f,4.87
818,qwcrkb,4.87
819,Gateway,4.87
820,Pido,4.87
821,TheDrake,4.87
822,Kaktus,4.87
823,Nobile91,4.87
824,ShadowStorm,4.87
825,benq,4.87rank,accountid,rating
826,SAGE,4.87
827,Kirito,4.87
828,tibotapwned,4.87
829,Groomwall,4.87
830,Felicidad,4.87
831,poting,4.87
832,捐精武神,4.87
833,香草丶冰激凌,4.87
834,龙傲天,4.87
835,Huxep,4.87
836,Vandroopy,4.87
837,liubang,4.86
838,Liususu,4.86
839,yayi,4.86
840,我是一个剽窃贼,4.86
841,OhBlax,4.86
842,Punk,4.86
843,Royalhelly,4.86
844,TomTheKiller,4.86
845,GlaZzz,4.86
846,Origamist,4.86
847,ZheDude,4.86
848,이레이나,4.86
849,P0LT3RCH3N,4.86
850,VESHA,4.86rank,accountid,rating
851,wairixingdao,4.85
852,moshangs,4.85
853,kaiimpart,4.85
854,Ker,4.85
855,Dean,4.85
856,atakanisbir,4.85
857,MINKO,4.85
858,Godyearray,4.85
859,Claypot,4.85
860,GhostPants,4.84
861,DireRaven,4.84
862,ShadowDancer,4.84
863,飞凡,4.84
864,elguermo,4.84
865,RANGO,4.84
866,Krumbull,4.84
867,Lordroy,4.84
868,Yanngamer99,4.84
869,patzantre,4.84
870,Zabyvashka,4.84
871,maarastone,4.84
872,PieterVer,4.84
873,亡靈束褲,4.83
874,龙的传人,4.83
875,IVYSAUR,4.83rank,accountid,rating
876,rookie,4.83
877,PurplePuppy,4.83
878,FreeWinner,4.83
879,PandaHS21,4.83
880,Chrishky,4.83
881,motoc24,4.83
882,Denali,4.83
883,Finster,4.83
884,Struggler,4.83
885,TheGame,4.83
886,Nazarke,4.83
887,Irencius,4.83
888,Blackdis,4.83
889,HesuPeka,4.83
890,LegenDa,4.83
891,老帮,4.83
892,FIERWORK,4.82
893,DUjiang,4.82
894,tukinowa,4.82
895,forevermoon,4.82
896,IancuTryHard,4.82
897,戏游人生不服老,4.82
898,Muddycat,4.82
899,zeus222,4.82
900,Mortimer,4.82rank,accountid,rating
901,Ltodotto,4.82
902,Zonder,4.82
903,dunya,4.82
904,Sibilla,4.82
905,Razu,4.82
906,Renji,4.82
907,BilgeKral,4.82
908,Ryudo,4.82
909,Lockheed,4.82
910,zaraki123,4.82
911,Ievel,4.82
912,vf91q6,4.82
913,uxaeptjkxjb,4.82
914,bluffing,4.82
915,that,4.81
916,looklook,4.81
917,woshiniba,4.81
918,effew,4.81
919,ЯркийМолот,4.81
920,joepimon,4.81
921,miketaishen,4.81
922,luser,4.81
923,ekmdmqbpsob,4.81
924,FizzyElf,4.81
925,Gavin,4.8rank,accountid,rating
926,xiaocangshu,4.8
927,Ricardo,4.8
928,Destiny,4.8
929,ИскусныйЛоа,4.8
930,wwc,4.8
931,Vitamin,4.8
932,Kerenos,4.8
933,Gentian,4.8
934,Curtis,4.8
935,Ceca,4.8
936,Sapiosin,4.8
937,lexeEz,4.8
938,Erki,4.8
939,NaoSaejima,4.8
940,寻汨,4.8
941,Fisher,4.8
942,weiyishan,4.79
943,GatherKing,4.79
944,JedSN,4.79
945,Trax72,4.79
946,MattyAy,4.79
947,AMV,4.79
948,Zarik,4.79
949,美服割韭菜,4.79
950,Trick,4.78rank,accountid,rating
951,OpalBeast,4.78
952,yilingsama,4.78
953,TURK,4.78
954,Ugh,4.78
955,Kabanosik,4.78
956,Nara,4.78
957,Liverbreizh,4.78
958,Jandris14,4.77
959,ofvr,4.77
960,SlothXc,4.77
961,zfoomrc,4.77
962,yingGG,4.77
963,guodong,4.77
964,엄청난멀록,4.77
965,Negative,4.77
966,SemisToriy,4.77
967,Arebor,4.77
968,Weefsat,4.77
969,CandyPanda,4.77
970,EbxWbYjm,4.76
971,fkbibnwxue,4.76
972,HappyWood,4.76
973,lvgpnbqf,4.76
974,HanXu,4.76
975,Bobbywang,4.76rank,accountid,rating
976,GRANDBLUE,4.76
977,Sanchez,4.76
978,clusterfunk,4.76
979,Lorgrim,4.76
980,idiolt,4.76
981,CrispMan,4.76
982,EHOTUK,4.76
983,Drus,4.76
984,Bruzelius,4.76
985,whine,4.76
986,jjbijlsma,4.75
987,blood,4.75
988,Aspirant,4.75
989,TrueSilver,4.75
990,TSMDunkey,4.75
991,Klingzilla,4.75
992,СынКоровы,4.75
993,LilleSkump,4.75
994,Skybander,4.75
995,Crazymage,4.75
996,Vexac,4.75
997,DatsDavio,4.75
998,Ignacius,4.75
999,Asdrubael,4.75
1000,FabiMN,4.75rank,accountid,rating
1001,Drhill,4.75
1002,Paul,4.75
1003,teske,4.74
1004,AngiBuni,4.74
1005,Samoyed,4.74
1006,Jordan,4.74
1007,bieshizhan,4.74
1008,LuckyNumber,4.74
1009,nickzay,4.74
1010,murqfyc,4.74
1011,SirFawzY,4.74
1012,Dukalis,4.74
1013,Ferdidi,4.74
1014,Vaky,4.74
1015,Klantdunk,4.74
1016,dingvalue,4.74
1017,Ilma,4.74
1018,saganthedark,4.73
1019,tutull,4.73
1020,Vulnerable,4.73
1021,AHWxixi,4.73
1022,LanadelTOTO,4.73
1023,Puzzlebox,4.73
1024,Letimur,4.73
1025,Bayaka,4.73rank,accountid,rating
1026,Seiko16,4.73
1027,Kszak,4.73
1028,TchiKbraH,4.73
1029,Luffy,4.73
1030,DedBDSM,4.73
1031,Zerase,4.73
1032,整齊的鐵鏽色獵犬,4.73
1033,AngryWang,4.73
1034,asher,4.72
1035,KonradJohn,4.72
1036,WANGQI,4.72
1037,全针小骸,4.72
1038,Rideadmus,4.72
1039,DieHard,4.72
1040,CloudMaster,4.72
1041,Oxmo76,4.72
1042,Samael,4.72
1043,coproc,4.72
1044,Maxeaux,4.72
1045,whisper,4.72
1046,罕見的暗紅色幽光,4.71
1047,JustineGary,4.71
1048,bill,4.71
1049,chopchopchop,4.71
1050,DzikiBizon,4.71rank,accountid,rating
1051,juuso,4.71
1052,Zvik22,4.71
1053,Feidlimid,4.71
1054,eTTe,4.71
1055,stanly,4.71
1056,SHoumEN,4.71
1057,Asrid,4.71
1058,stealthsedg,4.71
1059,Doom,4.71
1060,DroperCZ,4.71
1061,LiX,4.71
1062,Pollumen,4.71
1063,DrJones,4.7
1064,asdagg,4.7
1065,NOV14th,4.7
1066,keneny,4.7
1067,刘奇,4.7
1068,ovreejaprqzz,4.7
1069,AvavaAvA,4.7
1070,OdenKozuki,4.7
1071,Arabong,4.7
1072,Gurke,4.7
1073,Rhademes,4.7
1074,maffem,4.7
1075,Saroes,4.7rank,accountid,rating
1076,jjc,4.7
1077,FlameYeti,4.7
1078,sunning,4.7
1079,Mammad,4.7
1080,TinyWan,4.7
1081,Compunction,4.69
1082,DJWCB,4.69
1083,DontKillMe,4.69
1084,Panda,4.69
1085,AngelRyn,4.69
1086,Smofie,4.69
1087,Nish,4.69
1088,Aquillius,4.69
1089,Loiso,4.69
1090,decastro,4.69
1091,RifleGood,4.69
1092,Oppon,4.69
1093,Riaff,4.69
1094,sabonis,4.69
1095,Talvihaltija,4.69
1096,Mega,4.68
1097,palading,4.68
1098,lssb,4.68
1099,胸怀大痣,4.68
1100,Frank,4.68rank,accountid,rating
1101,obnolkmt,4.68
1102,Dobster,4.68
1103,alexjj,4.68
1104,Jull1,4.68
1105,Tzeentchit,4.68
1106,Dodje,4.68
1107,NAVEE,4.68
1108,Dancaster,4.68
1109,Felzak,4.68
1110,акелла,4.68
1111,Morsbøl,4.68
1112,DeHka,4.68
1113,ZuKo,4.68
1114,proutman,4.68
1115,goba,4.68
1116,KauBoy,4.68
1117,YYDS,4.68
1118,豆湯包,4.68
1119,SageEagle,4.68
1120,BigDaddy,4.67
1121,PrunellaSmit,4.67
1122,PiuPiuPiu567,4.67
1123,WaitForChina,4.67
1124,Sad,4.67
1125,Es1N,4.67rank,accountid,rating
1126,LoneRanger,4.67
1127,NevermoreGOD,4.67
1128,LEGENDATOR,4.67
1129,RedTank,4.67
1130,Kyoki,4.67
1131,明天的啊,4.67
1132,UnholyBomb,4.67
1133,Baikal,4.67
1134,yxjhz2,4.67
1135,erjue,4.67
1136,MoonBlacked,4.67
1137,megalq,4.67
1138,Pajazo,4.67
1139,qinbuleng,4.67
1140,seventeen,4.66
1141,dadshi,4.66
1142,MOmoMO,4.66
1143,Cloud,4.66
1144,goldeneye13,4.66
1145,metony,4.66
1146,Magic,4.66
1147,SilentStorm,4.66
1148,Dymodeus,4.66
1149,Lasher,4.66
1150,Dargor,4.66rank,accountid,rating
1151,Dofken,4.66
1152,Benholio,4.66
1153,Blomex,4.66
1154,RaketenIltis,4.66
1155,Ovv,4.65
1156,godgun,4.65
1157,YaoOu,4.65
1158,twscsfhyz,4.65
1159,ЛовкиеПальцы,4.65
1160,MasterNick,4.65
1161,Messaline,4.65
1162,DaaLorr,4.65
1163,briffits,4.65
1164,Bodaggn,4.65
1165,Ye11ow,4.65
1166,Trapper,4.65
1167,P19seconds,4.65
1168,Seken,4.65
1169,Slay,4.65
1170,BMW,4.65
1171,sezames,4.65
1172,ArchiWaWn,4.65
1173,沉默的羔羊,4.64
1174,黑森林的小蘑菇,4.64
1175,Sliver,4.64rank,accountid,rating
1176,lee070207,4.64
1177,KissMyFish,4.64
1178,Ramlaj,4.64
1179,beepbeep,4.64
1180,davveroio,4.64
1181,ASAP,4.64
1182,Nibbaftp,4.64
1183,Marek,4.64
1184,Shimmer,4.64
1185,Farinheit,4.64
1186,Shredder,4.64
1187,FuBar,4.64
1188,phoenix,4.64
1189,Tiapofithe,4.64
1190,odqiby2xqc2s,4.64
1191,CDtiho,4.63
1192,richard404,4.63
1193,MiaoKaDian,4.63
1194,qwer,4.63
1195,냥냥펀치,4.63
1196,idai,4.63
1197,DJWCB,4.63
1198,wangjh,4.63
1199,yōuyōulùmíng,4.63
1200,Robi,4.63rank,accountid,rating
1201,mlinke,4.63
1202,Lacebolla,4.63
1203,BananaGod,4.63
1204,noisy52,4.63
1205,kolyok,4.63
1206,LAPRAS,4.63
1207,교미왕강퀴,4.63
1208,Phornacius,4.63
1209,DonGonzas,4.63
1210,MechroAngelo,4.63
1211,Melo,4.63
1212,nikkon,4.63
1213,Harkhonen,4.63
1214,Cuips,4.63
1215,Loe,4.63
1216,SkyHunter,4.63
1217,VeniVidiVici,4.63
1218,mandelshtam1,4.63
1219,KRIO,4.62
1220,Ezorethyk,4.62
1221,zed,4.62
1222,ChineseGongf,4.62
1223,Lazzarruss51,4.62
1224,Medik,4.62
1225,greeni,4.62rank,accountid,rating
1226,LAMORT,4.62
1227,KDrew,4.62
1228,KissTheFire,4.62
1229,punish,4.62
1230,Peejay,4.62
1231,GiveMeAName,4.62
1232,RedCell,4.62
1233,lachkoy,4.62
1234,Bobkiller,4.62
1235,Doubidouwa,4.62
1236,Aladriel,4.62
1237,最亮的仔,4.62
1238,blessed,4.61
1239,khalil,4.61
1240,Dirge,4.61
1241,DJWteacher,4.61
1242,Mynamenoname,4.61
1243,MichaelMyers,4.61
1244,LoveBing,4.61
1245,SHReKfromKZ,4.61
1246,kong,4.61
1247,CENSORED,4.61
1248,FusroDahhh,4.61
1249,Pier,4.61
1250,Огрик,4.61rank,accountid,rating
1251,Easy12Wins,4.61
1252,Rob,4.61
1253,Barry1107,4.61
1254,Urkoth,4.61
1255,charizard25,4.61
1256,Dragonblu,4.61
1257,boxoxol,4.61
1258,马雷格彼得,4.61
1259,tyel,4.61
1260,toXiod,4.6
1261,bluearmy,4.6
1262,Protagon1st,4.6
1263,mryrfmwdt,4.6
1264,zhuxiong,4.6
1265,Taylor,4.6
1266,styjib4uk,4.6
1267,Jonkogod,4.6
1268,Annihilator,4.6
1269,terran,4.6
1270,AshQueen,4.6
1271,arre,4.6
1272,Reevox3,4.6
1273,Natsu,4.6
1274,Mutaro,4.6
1275,Flamez,4.6rank,accountid,rating
1276,zhahzhah,4.6
1277,BorisTB,4.6
1278,borsh,4.59
1279,qitian,4.59
1280,gigibest,4.59
1281,Csor,4.59
1282,CatchStar,4.59
1283,redss,4.59
1284,Whatever,4.59
1285,Anobeus,4.59
1286,JuanJuanFan,4.59
1287,JshaoPP,4.59
1288,JayRock,4.59
1289,CvRk,4.59
1290,Bayraktar,4.59
1291,Chmielinho,4.59
1292,스키마,4.59
1293,dhoine,4.59
1294,SanRising,4.59
1295,YUGO888,4.59
1296,TOCTEP,4.59
1297,theblackhawk,4.59
1298,GarnetBeast,4.59
1299,Ïgris,4.59
1300,RED,4.59rank,accountid,rating
1301,狡猾的橄欖色駝鹿,4.58
1302,shenjunniubi,4.58
1303,YueHanLi,4.58
1304,xieAXIU,4.58
1305,BigPiBond,4.58
1306,luia,4.58
1307,NightKnight,4.58
1308,ZeroXrem,4.58
1309,TMac,4.58
1310,Friska,4.58
1311,NikxNL,4.58
1312,LetHimALone,4.58
1313,MavR,4.58
1314,PerecKTO,4.58
1315,v1ad1s10ve,4.58
1316,Kazanova,4.58
1317,Daniel97,4.58
1318,baoxuessmm,4.57
1319,好運束褲,4.57
1320,小马爱吃煎蛋卷,4.57
1321,Aroudblack,4.57
1322,Jacethemind,4.57
1323,JennIsCool,4.57
1324,Hovvlett,4.57
1325,Aleev,4.57rank,accountid,rating
1326,Aleev,4.57
1327,갓녕갓녕,4.57
1328,WTBGF,4.57
1329,GarryPowar,4.57
1330,Michaelmight,4.57
1331,NJx,4.57
1332,Nostaratell,4.57
1333,Kosta,4.57
1334,Tim187,4.57
1335,林小虾,4.57
1336,冷情,4.57
1337,MrFortune,4.57
1338,Sean,4.56
1339,NavyGnoll420,4.56
1340,ttttttttt,4.56
1341,fhu,4.56
1342,waiexsf,4.56
1343,IronBlood,4.56
1344,wanan,4.56
1345,平衡的金色狼,4.56
1346,HugoZ,4.56
1347,aspx,4.56
1348,Alio,4.56
1349,Popcornyummy,4.56
1350,Almeidukas,4.56rank,accountid,rating
1351,TheresaMay,4.56
1352,Rammus,4.56
1353,DragonAlbert,4.56
1354,Miro,4.56
1355,eslafin99,4.56
1356,PIRO,4.56
1357,蹦蹦騎士,4.56
1358,Klein,4.56
1359,lvzhende,4.56
1360,Stronk,4.56
1361,youngmoolah,4.55
1362,nizkii,4.55
1363,Leslie,4.55
1364,QuartzOgre,4.55
1365,空空空,4.55
1366,sage,4.55
1367,ofqwp,4.55
1368,BEAST,4.55
1369,JLF,4.55
1370,WalterJr,4.55
1371,MIL,4.55
1372,BassHunter,4.55
1373,TheTrouper,4.55
1374,Shockwave,4.55
1375,RoyalFlush,4.55rank,accountid,rating
1376,Mitch,4.55
1377,darkscale,4.55
1378,Gnight,4.55
1379,grasshopper,4.55
1380,Kastaja,4.55
1381,JSG,4.55
1382,Bizarre,4.55
1383,小磊,4.55
1384,DJWCB,4.55
1385,Veepari,4.55
1386,DrSigge,4.55
1387,MasterMage,4.54
1388,Sp3ct3r,4.54
1389,nanaorrange,4.54
1390,DLMdD,4.54
1391,GKsteben,4.54
1392,Nelzamouri,4.54
1393,pino94,4.54
1394,pilas,4.54
1395,사용자김수현,4.54
1396,TheOnly1Kyle,4.54
1397,TheCleanser,4.54
1398,lazar,4.54
1399,Enotson,4.54
1400,GeLo,4.54rank,accountid,rating
1401,lgx921,4.54
1402,TURK,4.54
1403,KickMyA55,4.54
1404,Ekzar,4.53
1405,LaBomba,4.53
1406,muyaliao,4.53
1407,werwoif,4.53
1408,pluviophile,4.53
1409,losiendo,4.53
1410,kubara,4.53
1411,Kosio,4.53
1412,friki,4.53
1413,TellMe,4.53
1414,kaio,4.53
1415,GlokEarns,4.53
1416,Shadow,4.53
1417,Poroshochek,4.53
1418,Liu,4.53
1419,kras,4.53
1420,Legendaren,4.53
1421,dennYs,4.53
1422,Janzy,4.53
1423,AltikGrik,4.53
1424,IronBringer,4.53
1425,Nvrmd,4.52rank,accountid,rating
1426,Suki,4.52
1427,LML9,4.52
1428,ToumaKazusa,4.52
1429,YLL,4.52
1430,ypf823,4.52
1431,CrazyMage,4.52
1432,ZZZ,4.52
1433,yage,4.52
1434,聰明的酒色麋鹿,4.52
1435,YourDog,4.52
1436,OFLiNE,4.52
1437,RadoMNP,4.52
1438,Deuse,4.52
1439,HattoriHanzo,4.52
1440,Давай,4.52
1441,Rhalor,4.52
1442,Безликий,4.52
1443,sogeking,4.52
1444,VaskeDeGama,4.52
1445,mathias224,4.52
1446,Mgs020,4.52
1447,PepetheShort,4.52
1448,Draanek,4.52
1449,Laika,4.52
1450,wxzhz,4.52rank,accountid,rating
1451,CrazyMushrom,4.52
1452,Ando,4.51
1453,winterhascom,4.51
1454,theshy,4.51
1455,NESYYN,4.51
1456,Cutemisser,4.51
1457,Lan,4.51
1458,Reimu,4.51
1459,Patefes,4.51
1460,rosanice,4.51
1461,falc0nas,4.51
1462,SatanPower,4.51
1463,TheAmswer,4.51
1464,SerZHant,4.51
1465,Loki,4.51
1466,Disi,4.51
1467,Mustafa566,4.51
1468,Trogliko,4.51
1469,Singularity,4.51
1470,Sadeks,4.51
1471,Alagros,4.51
1472,XianDao,4.51
1473,GunsRoses,4.51
1474,qCDWoaQq,4.51
1475,simao,4.51rank,accountid,rating
1476,Nalili,4.51
1477,Odiun,4.51
1478,焚月,4.5
1479,LemonWolf,4.5
1480,Darkbears,4.5
1481,bengkghjt,4.5
1482,nieyuejie,4.5
1483,hehd,4.5
1484,MossyOishi,4.5
1485,LeLouche,4.5
1486,dontdustever,4.5
1487,Zhimax,4.5
1488,jugo,4.5
1489,Superbobo,4.5
1490,zed188,4.5
1491,schlubitz,4.5
1492,Kassiewijl,4.5
1493,Battenberger,4.5
1494,puffic,4.5
1495,巨型矮人,4.5
1496,Braadpan,4.5
1497,Chugs,4.5
1498,Theoden,4.5
1499,Clooney,4.5
1500,Happiness,4.5rank,accountid,rating
1501,Scionny,4.5
1502,Mathjas,4.5
1503,UnderWater,4.5
1504,Bliw,4.5
1505,大帅比,4.5
1506,性感荷官在線發牌,4.49
1507,zoqnoinxi,4.49
1508,PriscillaJoh,4.49
1509,NeuroBreak3,4.49
1510,Tyimp,4.49
1511,Aubamech,4.49
1512,Shock,4.49
1513,Mehpaw,4.49
1514,Sol,4.49
1515,RamboRammer,4.49
1516,Tregar,4.49
1517,Albertlebg,4.49
1518,ExTezzy,4.49
1519,rico,4.49
1520,Ennigami,4.49
1521,FNKYMNK,4.49
1522,Хемуль,4.49
1523,Tenzor,4.49
1524,APDO,4.49
1525,Okilled,4.49rank,accountid,rating
1526,ToasterSalad,4.49
1527,Dale,4.49
1528,IuLLy,4.49
1529,Fengye,4.49
1530,Ryns,4.49
1531,Schlipperkid,4.49
1532,FistaK,4.48
1533,Switish,4.48
1534,Rain,4.48
1535,hqqluki,4.48
1536,godgodfather,4.48
1537,chuangchuang,4.48
1538,BenLeo,4.48
1539,Owner4ever,4.48
1540,Oioibigboi,4.48
1541,Joopjan,4.48
1542,gemafall,4.48
1543,retra7777,4.48
1544,B3nefactoR,4.48
1545,Malchidael,4.48
1546,Bountyhunter,4.48
1547,M0oNLiGhT,4.48
1548,InKaRNaToR,4.48
1549,MeiLei,4.48
1550,Slavindet,4.48rank,accountid,rating
1551,mic,4.48
1552,anaitios,4.48
1553,MauveSeal,4.48
1554,LGDLFY,4.48
1555,Butchan,4.48
1556,Астраханец,4.48
1557,Classic,4.47
1558,piescfre,4.47
1559,opeeeen,4.47
1560,約定炫色,4.47
1561,sadybmmm,4.47
1562,伊敏,4.47
1563,优瓦夏,4.47
1564,HAPYY,4.47
1565,Sylwanas,4.47
1566,Tutsumi,4.47
1567,SauceMeister,4.47
1568,Razduvasik,4.47
1569,Horia,4.47
1570,procyon,4.47
1571,ShinyHero,4.47
1572,MaximUSNG,4.47
1573,Katastropoli,4.47
1574,AiZerG,4.47
1575,rodo0007,4.47rank,accountid,rating
1576,TomvanE,4.47
1577,DOUFUYAYA,4.47
1578,suzan,4.47
1579,Han,4.47
1580,Jamal,4.47
1581,Sum0,4.46
1582,TakakuraAnri,4.46
1583,twilight,4.46
1584,MarinerDavis,4.46
1585,cloudalun,4.46
1586,BenderStyle,4.46
1587,greyver,4.46
1588,Yilingshu,4.46
1589,tofungerZ,4.46
1590,SapereAude,4.46
1591,Lou,4.46
1592,TheFalchion,4.46
1593,Nikita,4.46
1594,Yanny,4.46
1595,Nezon,4.46
1596,呉織あぎり,4.46
1597,jeanmâ,4.46
1598,Alper5ozx,4.46
1599,nylx,4.46
1600,cangjingge,4.46rank,accountid,rating
1601,Aeternus,4.46
1602,Rain,4.46
1603,Shackles,4.46
1604,Jofur93,4.46
1605,SpicyBoy,4.46
1606,Kay,4.46
1607,CheekiBreeki,4.45
1608,OMarpinkO,4.45
1609,qpluzovymg,4.45
1610,JimmyGary,4.45
1611,Banana,4.45
1612,SilentSugar,4.45
1613,스폐셜킴,4.45
1614,FELDHEIMER,4.45
1615,tufe,4.45
1616,MIM,4.45
1617,looseanyway,4.45
1618,Minerva,4.45
1619,Mohammed,4.45
1620,lanadesserts,4.45
1621,Dannysaurus,4.45
1622,blablub,4.45
1623,Bluff,4.45
1624,Bogdan1041,4.45
1625,Jounen,4.45rank,accountid,rating
1626,kotojambo,4.45
1627,KelinDrawn,4.45
1628,SilentStorm,4.45
1629,Dagert98,4.45
1630,Katalepsy,4.45
1631,Kodelja,4.45
1632,llIIllIllI,4.45
1633,BigLava,4.45
1634,Quorthon21,4.44
1635,liukkus,4.44
1636,ddd,4.44
1637,donizuijiao,4.44
1638,Reimu,4.44
1639,zxcvbnm,4.44
1640,qdfhyfegbjjf,4.44
1641,BKing,4.44
1642,Mpiematt,4.44
1643,Allure,4.44
1644,INER,4.44
1645,pakmen,4.44
1646,RoronoaZoro,4.44
1647,OJleHb,4.44
1648,Aysegulcan,4.44
1649,raindraw,4.44
1650,wyJIep,4.44rank,accountid,rating
1651,HeroTemi4,4.44
1652,Aeri,4.44
1653,Molikoff,4.44
1654,NoBody,4.44
1655,leetokzz,4.44
1656,WWTTYY,4.44
1657,ealtecxvcdg,4.44
1658,Hunter,4.43
1659,機器巫師,4.43
1660,挺拔的玫瑰色海豹,4.43
1661,fedelico,4.43
1662,Reg,4.43
1663,Malvolio,4.43
1664,Pawias,4.43
1665,alppamukcu,4.43
1666,명치,4.43
1667,ERAGON,4.43
1668,teleoplexy,4.43
1669,OnyxRogue,4.43
1670,Arrakktur,4.43
1671,awes0meawe,4.43
1672,Staf007,4.43
1673,Frei,4.43
1674,TheOptimist,4.43
1675,ParaDice,4.43rank,accountid,rating
1676,Marszal,4.43
1677,Tiras,4.43
1678,PutnikAda,4.43
1679,BattleFrog,4.43
1680,siyvpncywolk,4.43
1681,看雨听风,4.43
1682,OapWnMQq,4.43
1683,lgxqg,4.43
1684,Fringe,4.43
1685,card,4.43
1686,DexGallas,4.42
1687,NewBoy,4.42
1688,李不青楚,4.42
1689,至尊玉爵,4.42
1690,DragonWarrio,4.42
1691,YesYanBaby,4.42
1692,anthony,4.42
1693,Nemesis,4.42
1694,消失在拂晓,4.42
1695,kozermaru,4.42
1696,Morgan,4.42
1697,Lazyshadow,4.42
1698,Jerfaj,4.42
1699,Gerd,4.42
1700,MagicTurtle,4.42rank,accountid,rating
1701,Arrivider4i,4.42
1702,RuSmile,4.42
1703,SICKAMENTS,4.42
1704,Lebiys,4.42
1705,Saggen,4.42
1706,Daniel,4.42
1707,csudus,4.42
1708,Аррамир,4.42
1709,GBLtaki,4.42
1710,Zzz,4.41
1711,WilsonW,4.41
1712,lwcykbcxyign,4.41
1713,Minicatty,4.41
1714,FeelsGoodMan,4.41
1715,flavachic,4.41
1716,Hypnos,4.41
1717,ШтанУдачи,4.41
1718,Jiell,4.41
1719,FishKa,4.41
1720,Vikings,4.41
1721,DikmAbel,4.41
1722,Tr1gga,4.41
1723,goico00,4.41
1724,MisiekZet,4.41
1725,CNZAR,4.41rank,accountid,rating
1726,Morzas,4.41
1727,hiStORYsART,4.41
1728,Scourge,4.41
1729,iShi7YouNo7,4.41
1730,Nash,4.41
1731,高挑的薄荷色雄鹿,4.4
1732,Watergolf,4.4
1733,해질때까지,4.4
1734,優良的泥巴色鯊魚,4.4
1735,OTTO,4.4
1736,WildWolf,4.4
1737,TortugaVil,4.4
1738,Kastaja,4.4
1739,zaboristyy,4.4
1740,Smoke,4.4
1741,Мышевур,4.4
1742,Genzo,4.4
1743,Taipan,4.4
1744,Freesun,4.4
1745,lu3000,4.4
1746,rickastley,4.4
1747,Kedddy3,4.4
1748,Jeepercreepe,4.4
1749,Vinidal,4.4
1750,PotnayaKatka,4.4rank,accountid,rating
1751,БезумныйМакс,4.4
1752,NikoBellic,4.4
1753,Timmehh,4.4
1754,afreekan,4.4
1755,Persik,4.4
1756,hoppsann3,4.4
1757,JessieOne,4.4
1758,Cliva,4.4
1759,qiansedeshe,4.4
1760,ToTh3JuNgLe,4.4
1761,Nighthrash,4.4
1762,Sirius,4.4
1763,Saul,4.4
1764,Joker,4.39
1765,kesty,4.39
1766,JuHua,4.39
1767,scknow,4.39
1768,Topic,4.39
1769,りのずか,4.39
1770,RPM,4.39
1771,CookieMwnstr,4.39
1772,jbubu,4.39
1773,Arteemis,4.39
1774,aubergiste,4.39
1775,Testa,4.39rank,accountid,rating
1776,Morya,4.39
1777,Clentis,4.39
1778,ReldiK,4.39
1779,자하,4.39
1780,Shenki,4.39
1781,Artex,4.39
1782,Neona,4.39
1783,Unogondura,4.39
1784,samu12ct,4.39
1785,Arcangel,4.39
1786,我煮个面畀你食,4.39
1787,MrZurkon,4.39
1788,모험가,4.38
1789,狂野的摩卡色犀牛,4.38
1790,RiceEater,4.38
1791,aadine,4.38
1792,rhjnh,4.38
1793,Lustforl,4.38
1794,Godlike,4.38
1795,metry,4.38
1796,qufem,4.38
1797,K1ssDoM,4.38
1798,sadas,4.38
1799,Sakura,4.38
1800,pharsalia,4.38rank,accountid,rating
1801,БомжВалера,4.38
1802,bBelcampo,4.38
1803,Balkanturist,4.38
1804,bakeryinsh,4.38
1805,Daniella,4.38
1806,knop,4.38
1807,Elsidius,4.38
1808,ArtSonic,4.38
1809,Alex,4.38
1810,DrSonGooN,4.38
1811,thedarknit,4.38
1812,Umnik,4.38
1813,MiStiK,4.38
1814,bwoha,4.37
1815,安兹,4.37
1816,饮中四侠,4.37
1817,NTGMCZX,4.37
1818,dicoslo,4.37
1819,molin,4.37
1820,E1Noir,4.37
1821,Sacred,4.37
1822,ManFromJapan,4.37
1823,CloudStrife,4.37
1824,Duang,4.37
1825,이웃집고양이,4.37rank,accountid,rating
1826,Trojan,4.37
1827,Jonaman,4.37
1828,KRAS,4.37
1829,MaximumHS,4.37
1830,foyll,4.37
1831,Knassie,4.37
1832,JeremyVos,4.37
1833,Villain,4.37
1834,LEVA,4.37
1835,KislaGloova,4.37
1836,chrisbishop,4.37
1837,firious,4.37
1838,智慧眼睛,4.36
1839,超級忍者,4.36
1840,wtyovo,4.36
1841,Tweedy,4.36
1842,DKadyo,4.36
1843,IndianaJoint,4.36
1844,Worms,4.36
1845,Anubis,4.36
1846,Miinow,4.36
1847,Hilo,4.36
1848,Kisrozsdi,4.36
1849,Jagernaut,4.36
1850,tewerun,4.36rank,accountid,rating
1851,tty4ik,4.36
1852,Xaiz,4.36
1853,iLaayZe,4.36
1854,kensei,4.36
1855,ERROR,4.36
1856,卧荒丘,4.36
1857,GevirMedLir,4.36
1858,Stefi,4.36
1859,DrVaramentes,4.36
1860,TheConMan,4.36
1861,AnuN,4.36
1862,DruidoRoxx,4.36
1863,vhwih,4.36
1864,vincent111,4.35
1865,Front242,4.35
1866,djwcb,4.35
1867,HGAFASGADD,4.35
1868,EbonGhost,4.35
1869,刚波宁,4.35
1870,wonengdie,4.35
1871,Edison,4.35
1872,枯燥的岩漿色毒蛇,4.35
1873,Baker,4.35
1874,데롱데롱,4.35
1875,Frenchpickle,4.35rank,accountid,rating
1876,iLikeTofoe,4.35
1877,HackerOK,4.35
1878,Melancholie,4.35
1879,MagicPants,4.35
1880,GaRRenT,4.35
1881,NightRaid,4.35
1882,Арт,4.35
1883,Gervo,4.35
1884,Dimonlimon94,4.35
1885,Khalli,4.35
1886,Sodimanic,4.35
1887,Djimkas,4.35
1888,Atri,4.35
1889,TingLS,4.35
1890,fuersen,4.35
1891,AntiDot,4.35
1892,BlueHunter,4.34
1893,AnaBXxMt,4.34
1894,TitaNick,4.34
1895,wantstrong,4.34
1896,yuyuyuyuyu,4.34
1897,WhiteMoon,4.34
1898,늘푸른눈매,4.34
1899,Bil28,4.34
1900,Polgara,4.34rank,accountid,rating
1901,iy1995,4.34
1902,Chhhhh,4.34
1903,BlackuM,4.34
1904,RatMaster,4.34
1905,CosmoZoo,4.34
1906,TheCandyman,4.34
1907,Dragonhunter,4.34
1908,Kilrejn,4.34
1909,Digge,4.34
1910,maksimym69,4.34
1911,MarkGreyFox,4.34
1912,faust,4.34
1913,rossmaha,4.34
1914,arislan,4.34
1915,MrRammstein,4.34
1916,Penguin,4.34
1917,恐怖的萊姆色羅亞,4.34
1918,dandice,4.34
1919,Olsen,4.34
1920,kronas,4.34
1921,聒噪的暗紅色蛟龍,4.33
1922,胖得不像话,4.33
1923,Matadors,4.33
1924,暘同学,4.33
1925,yellowicelon,4.33rank,accountid,rating
1926,sys,4.33
1927,AlfonsTudore,4.33
1928,Godgun,4.33
1929,龙豆豆,4.33
1930,RedArmy,4.33
1931,Toxic322,4.33
1932,EuropeanDOG,4.33
1933,Cikos,4.33
1934,Anaroxx,4.33
1935,Skorpi,4.33
1936,Exalted,4.33
1937,CountBuff,4.33
1938,VanLunturu,4.33
1939,DeeMeR,4.33
1940,Adam,4.33
1941,Lepik,4.33
1942,MellonCollie,4.33
1943,EuJeI,4.33
1944,Azrael,4.33
1945,HHA,4.33
1946,Fihlie,4.32
1947,spanki,4.32
1948,奸詐的單寧色毒蛇,4.32
1949,InkyBison,4.32
1950,Jamesbond,4.32rank,accountid,rating
1951,dapingguo,4.32
1952,Whisp,4.32
1953,Makeleio,4.32
1954,huseyinersin,4.32
1955,Richimagis,4.32
1956,Richietism,4.32
1957,BIGKOKO,4.32
1958,azul,4.32
1959,YongyanChen,4.32
1960,PadenPede,4.32
1961,Shakalets,4.32
1962,rikkert,4.32
1963,LittleWing,4.32
1964,Esjuek,4.32
1965,BusterBossJR,4.32
1966,SouLKeePeR,4.32
1967,kazyy,4.32
1968,frankmiller,4.32
1969,Pnurk,4.32
1970,Damon,4.32
1971,Tin,4.32
1972,N4TH4N,4.31
1973,Kars,4.31
1974,windsky,4.31
1975,wtybill,4.31rank,accountid,rating
1976,BillisZZ,4.31
1977,Grandiose,4.31
1978,muyi,4.31
1979,sbbx,4.31
1980,OverGo,4.31
1981,FTmingma,4.31
1982,topS1,4.31
1983,SneezyDwarf,4.31
1984,lollero,4.31
1985,Tadeusz,4.31
1986,dweller,4.31
1987,KingofFools,4.31
1988,Aarkanito,4.31
1989,azzraell12,4.31
1990,MrEagle,4.31
1991,Чейз,4.31
1992,Ermolaev,4.31
1993,MissedLethal,4.31
1994,DemonSlayer7,4.31
1995,PLOZKIY,4.31
1996,Salty,4.31
1997,Ha9to,4.31
1998,基火啊,4.31
1999,Player45312,4.31
2000,momo,4.31rank,accountid,rating
2001,Glacronest,4.3
2002,asdg,4.3
2003,SlingBox,4.3
2004,Poke,4.3
2005,GOXDLEEX,4.3
2006,Devils,4.3
2007,さくら,4.3
2008,Rnmtuiqian,4.3
2009,JinJInXiaQi,4.3
2010,MarthaBob,4.3
2011,wwz,4.3
2012,假发,4.3
2013,WindPast,4.3
2014,qihaiqianqiu,4.3
2015,Toastbrot246,4.3
2016,LiorTheSote,4.3
2017,Luemmeljunge,4.3
2018,LeanItUpBruh,4.3
2019,mendeley,4.3
2020,Otreblack,4.3
2021,Чудо,4.3
2022,YUNGHOON,4.3
2023,Darbster111,4.3
2024,eleggg,4.3
2025,МедлякКрылан,4.3rank,accountid,rating
2026,Malkavian,4.3
2027,Ðruia,4.3
2028,Biofire64,4.3
2029,Misseo,4.3
2030,Mitchell1000,4.3
2031,Svulsten,4.3
2032,Loyt,4.3
2033,SkyHero,4.3
2034,Reg,4.3
2035,SuperMurloc,4.3
2036,qbij6t,4.3
2037,KothalKan,4.3
2038,horjack,4.3
2039,Zalessian,4.29
2040,黎明世间繁华,4.29
2041,StarPlatinum,4.29
2042,邪惡的暗紅色矮子,4.29
2043,GodLong,4.29
2044,gdycdkejsh,4.29
2045,Avril,4.29
2046,AlaskanBange,4.29
2047,jonny,4.29
2048,파베트,4.29
2049,DiZaZttER,4.29
2050,Zealot,4.29rank,accountid,rating
2051,pashatiger,4.29
2052,Valant,4.29
2053,Ulyssses,4.29
2054,EvilSword,4.29
2055,Vidar,4.29
2056,Sargis,4.29
2057,Gaczek,4.29
2058,sagoor,4.29
2059,CaKtus,4.29
2060,PokerDamo,4.29
2061,Bolnero,4.29
2062,Shom,4.29
2063,ItzMessa,4.29
2064,cosonic,4.29
2065,Gfighter,4.29
2066,Ka7yCta,4.29
2067,Eivind,4.29
2068,JBREEZY,4.29
2069,softmagnetic,4.29
2070,boynextdoor,4.29
2071,Mahtaito,4.29
2072,Kerfluffle,4.29
2073,Nano,4.29
2074,TrueDilemma,4.29
2075,薄情寡义黑小虎,4.28rank,accountid,rating
2076,还在流浪欧服,4.28
2077,crowneed,4.28
2078,JiChi,4.28
2079,shouxitea,4.28
2080,黑夜騎士,4.28
2081,CinaDor,4.28
2082,Phanthermom,4.28
2083,Art,4.28
2084,Bierophage,4.28
2085,SUnder,4.28
2086,ukkometso,4.28
2087,cy20x,4.28
2088,JBCMB,4.28
2089,llhaha,4.28
2090,Mesut,4.28
2091,FireButt,4.28
2092,Eatpotato,4.28
2093,Bakura,4.28
2094,FoSSeT,4.28
2095,Slicesher,4.28
2096,Omfal,4.28
2097,XANOR,4.28
2098,Zengtianhao,4.28
2099,Loyal,4.28
2100,MDr0x,4.28rank,accountid,rating
2101,magnetronn,4.27
2102,Ага,4.27
2103,我感觉很难受,4.27
2104,back,4.27
2105,京水街老猫猴,4.27
2106,機器狼人,4.27
2107,wtybill,4.27
2108,GLAVBUX,4.27
2109,Feitesen,4.27
2110,DYSW,4.27
2111,tanenwer,4.27
2112,TVOREC,4.27
2113,MachoGrande,4.27
2114,JayBizzel,4.27
2115,lerosQ,4.27
2116,feRi,4.27
2117,homer,4.27
2118,Karrimass,4.27
2119,Trufflelord,4.27
2120,Hêyy,4.27
2121,jlarkin353,4.27
2122,IGORxSRB,4.27
2123,Macko,4.27
2124,Shadow,4.27
2125,Benelli,4.27rank,accountid,rating
2126,Miller,4.27
2127,Rowenwand,4.27
2128,MichaelVocht,4.26
2129,Zeratullius,4.26
2130,OliveViper,4.26
2131,painkiller,4.26
2132,wtybill,4.26
2133,ROYJANE,4.26
2134,ScallionDuck,4.26
2135,pumpkin,4.26
2136,CNKarl,4.26
2137,Yuppi,4.26
2138,ilTdbTli,4.26
2139,RittInDenTod,4.26
2140,SMOrcHuntard,4.26
2141,ridgewater,4.26
2142,Nerevar,4.26
2143,Ell1ot,4.26
2144,Дедпул,4.26
2145,Triggered,4.26
2146,greenjesus42,4.26
2147,Makishima,4.26
2148,schwarzkopf,4.26
2149,Zel,4.26
2150,BattleTag,4.26rank,accountid,rating
2151,Foster,4.26
2152,Ronin,4.26
2153,BilasBoas,4.26
2154,Veres,4.26
2155,Goldfinch,4.26
2156,BRB,4.26
2157,Ytron,4.26
2158,Potatohead,4.26
2159,mouxiang,4.26
2160,JadeSeal,4.26
2161,vinchenzo,4.26
2162,Ali,4.26
2163,Kot343,4.25
2164,chttjl,4.25
2165,LuckyCoin,4.25
2166,kusedeaishan,4.25
2167,LiveRain,4.25
2168,LZB,4.25
2169,shushu,4.25
2170,yuxuanW,4.25
2171,Scandal,4.25
2172,dcko,4.25
2173,Katil,4.25
2174,Vovan,4.25
2175,LeGobelin,4.25rank,accountid,rating
2176,Roozheek,4.25
2177,ex3mBlade,4.25
2178,JawadDawood,4.25
2179,Izo,4.25
2180,Apocalisse,4.25
2181,Mitaiyto,4.25
2182,Iryx,4.25
2183,Killstealer,4.25
2184,tort,4.25
2185,ISEvangelion,4.25
2186,AgentCroque,4.25
2187,Nikto,4.25
2188,DannieEll,4.25
2189,JonnyWoo,4.25
2190,Spamm222,4.25
2191,PearlElekk,4.25
2192,MSP,4.25
2193,Bewator,4.25
2194,SadStatue,4.25
2195,MPace,4.25
2196,Happy,4.25
2197,真不如玩原神,4.25
2198,Ants,4.25
2199,Borris79,4.25
2200,BoLo,4.25rank,accountid,rating
2201,Norteklaser,4.24
2202,昏暗的鐵鏽色幽靈,4.24
2203,windows,4.24
2204,batter,4.24
2205,chinaWIN,4.24
2206,KAKAA,4.24
2207,Shekel,4.24
2208,Marnef,4.24
2209,DeNozzo,4.24
2210,Arsenboss,4.24
2211,Chamot,4.24
2212,Blondin,4.24
2213,navi,4.24
2214,TRIHACH,4.24
2215,GroSSo,4.24
2216,OliveImp,4.24
2217,Banishment,4.24
2218,Дима,4.24
2219,BeardedDwarf,4.24
2220,KitaIkuyo,4.24
2221,SageBison,4.24
2222,ShakaPonk,4.24
2223,pewpew,4.24
2224,CalmarRobot,4.24
2225,Meliodas,4.24rank,accountid,rating
2226,Nawle,4.24
2227,Arman,4.23
2228,DeaDMoroZ,4.23
2229,PlumGnoll,4.23
2230,BethTheBest,4.23
2231,GongRuHan,4.23
2232,GGbond,4.23
2233,NATAKU97,4.23
2234,IceBlade,4.23
2235,아이린,4.23
2236,恐怖的萊姆色羅亞,4.23
2237,vicky,4.23
2238,whoislvge,4.23
2239,ebnmxsoiukk,4.23
2240,IKUN,4.23
2241,lzp12138,4.23
2242,Serb,4.23
2243,Holy,4.23
2244,yyds,4.23
2245,MethodMan,4.23
2246,Arlequin,4.23
2247,Taktik,4.23
2248,AngerandfirE,4.23
2249,Sanguinaar,4.23
2250,voncleef,4.23rank,accountid,rating
2251,Neoklis,4.23
2252,moukari,4.23
2253,Bombitos,4.23
2254,돌빵아재,4.23
2255,Jeppadahawt,4.23
2256,OthRoth,4.23
2257,Moga,4.23
2258,Hellmutta,4.23
2259,Mak,4.23
2260,Lhinkan,4.23
2261,pokie555,4.23
2262,PsykO88,4.23
2263,Sylphiette,4.23
2264,Sora,4.23
2265,Bigdongchen,4.23
2266,looser990,4.23
2267,mazdada,4.23
2268,Kamikaza,4.23
2269,mak10,4.22
2270,Crazyorloco,4.22
2271,fixing,4.22
2272,smnf,4.22
2273,Chrisneaky,4.22
2274,Ark,4.22
2275,Jay,4.22rank,accountid,rating
2276,Chelni,4.22
2277,KingOfUnst,4.22
2278,Ykr,4.22
2279,l337,4.22
2280,westorian,4.22
2281,xFever,4.22
2282,TigerShark,4.22
2283,b00mb00m,4.22
2284,Swarm,4.22
2285,Grizzly,4.22
2286,moskolos,4.22
2287,Focus,4.22
2288,alittlekhaos,4.22
2289,Cloudwolfe,4.22
2290,Oleg,4.22
2291,sepsndepsn,4.22
2292,junjieliuliu,4.22
2293,dream,4.22
2294,Muryoku,4.22
2295,Sanctum,4.22
2296,MBzZZ,4.21
2297,kmjsub,4.21
2298,slngts,4.21
2299,夢裏不覺秋已深,4.21
2300,dgggg,4.21rank,accountid,rating
2301,KEJIE,4.21
2302,suikber,4.21
2303,danihjel,4.21
2304,LazyTitan,4.21
2305,KaiN34,4.21
2306,DmiTroll,4.21
2307,Serdzy,4.21
2308,Bogdy,4.21
2309,Bagamutziro,4.21
2310,Kaa,4.21
2311,Funkadelic24,4.21
2312,Renbhed,4.21
2313,visvires,4.21
2314,Vmann69,4.21
2315,Papadamour,4.21
2316,Revvo,4.21
2317,Qemist,4.21
2318,RockLee,4.21
2319,RayLeigh,4.21
2320,Pihmmelkopf,4.21
2321,Summerfish,4.21
2322,FrostyFeet,4.21
2323,Dio2501,4.21
2324,selrahc,4.21
2325,BouncyBear,4.2rank,accountid,rating
2326,整潔的灰色駝鹿,4.2
2327,p1Cc,4.2
2328,恐怖的橄欖色薩特,4.2
2329,Fanmang,4.2
2330,NoOne,4.2
2331,qingfeng,4.2
2332,ShaDow,4.2
2333,Silence,4.2
2334,cirimnd,4.2
2335,aduidui,4.2
2336,Vic,4.2
2337,KateMiller,4.2
2338,Zerathustra,4.2
2339,Gerelv,4.2
2340,GoldenBoy,4.2
2341,PedroSangre,4.2
2342,BayMIKE,4.2
2343,ShadowStorm,4.2
2344,Diller,4.2
2345,Enough,4.2
2346,Mulldrifter,4.2
2347,violentgray,4.2
2348,Booyaka,4.2
2349,GrafOdin,4.2
2350,Roidesbelges,4.2rank,accountid,rating
2351,floufard,4.2
2352,kamahl8,4.2
2353,Gray,4.2
2354,IPawn,4.2
2355,Flashr,4.2
2356,Rampage,4.2
2357,BigHamster,4.2
2358,Sssuper,4.2
2359,Isighterio,4.2
2360,Kobelix,4.2
2361,laViper,4.2
2362,MrBlack,4.2
2363,SgtNutInHam,4.2
2364,尘埃微不足道,4.2
2365,狡詐的梅色多頭蛇,4.19
2366,Breadpuppy,4.19
2367,Luonaerduo,4.19
2368,Ares,4.19
2369,iycee,4.19
2370,hvyvyftct,4.19
2371,jackma,4.19
2372,CCL,4.19
2373,ZawsonSztos,4.19
2374,katu666,4.19
2375,Serendipity,4.19rank,accountid,rating
2376,Amadeus,4.19
2377,icyblade,4.19
2378,marker7,4.19
2379,Tiaoh,4.19
2380,Enislav,4.19
2381,PoisonedFisH,4.19
2382,Moosvogel,4.19
2383,Mulslaskarn,4.19
2384,MengLingwen,4.19
2385,NikS,4.19
2386,Vingthor,4.19
2387,kama,4.19
2388,Sowe,4.19
2389,Seme4ka86rus,4.19
2390,king2109,4.19
2391,FrankGogold,4.19
2392,pupil,4.19
2393,河南小白龙,4.19
2394,FanMei,4.19
2395,Neo,4.19
2396,蒼白的檸檬色竊賊,4.18
2397,SnarkyGoblin,4.18
2398,nvzhu,4.18
2399,wind,4.18
2400,Cinder,4.18rank,accountid,rating
2401,Myth,4.18
2402,makabaka,4.18
2403,AIR,4.18
2404,QIQI,4.18
2405,WHITEEYES,4.18
2406,FSKNANO,4.18
2407,Genethis,4.18
2408,Cruzzo,4.18
2409,RobotWizard,4.18
2410,DsD10,4.18
2411,REMIX,4.18
2412,PolazaR,4.18
2413,SERAPH,4.18
2414,Must,4.18
2415,fobolider,4.18
2416,Janusz8825,4.18
2417,Lev,4.18
2418,돌창인생,4.18
2419,Divinity,4.18
2420,Raffeli,4.18
2421,TheNoob,4.18
2422,M13,4.18
2423,Sarfury,4.18
2424,Knoxius,4.18
2425,tThPgShH,4.18rank,accountid,rating
2426,Wshiro,4.18
2427,Tsukan,4.18
2428,hanssama,4.17
2429,bulldoglili,4.17
2430,nicenice,4.17
2431,LavaSquid,4.17
2432,神圣俄罗斯帝国,4.17
2433,Kim7,4.17
2434,蔡徐坤,4.17
2435,Snowmark,4.17
2436,utkcz,4.17
2437,Ciusone,4.17
2438,moying,4.17
2439,rzsdutc,4.17
2440,BaoxueSigema,4.17
2441,QianChang,4.17
2442,TianYi,4.17
2443,Drsxzylta,4.17
2444,BrokenMatt,4.17
2445,Virda,4.17
2446,Dinxinho,4.17
2447,Don,4.17
2448,Stephen9HD,4.17
2449,SirShurik,4.17
2450,f4nd,4.17rank,accountid,rating
2451,DisplayDD,4.17
2452,Kirill,4.17
2453,mattifelice,4.17
2454,DjangoMD,4.17
2455,Hannibal,4.17
2456,Badboy,4.17
2457,skrip,4.17
2458,Spaffy,4.17
2459,AlexandrJeNu,4.17
2460,OfficerOtto,4.17
2461,Winor,4.17
2462,alfort,4.17
2463,FrixX38,4.17
2464,Nostal,4.17
2465,Mappack,4.17
2466,ThePuppeteer,4.17
2467,Pryce,4.17
2468,MidRange,4.17
2469,DurpMcSchnrp,4.17
2470,Tyrion,4.17
2471,jbqdt,4.17
2472,Vovan,4.16
2473,Ash,4.16
2474,SystemCode,4.16
2475,WsETASEV,4.16